{
    "name": "fun",
    "roles": [
        "fun"
    ],
    "lookups": [
        "free-text",
        "keywords"
    ],
    "keywords": [
        {
            "keyword": "Entertain me with a",
            "synonyms": [
                "entertain me with a"
            ]
        },
        {
            "keyword": "I need a good laugh",
            "synonyms": [
                "i need a good laugh"
            ]
        },
        {
            "keyword": "I want to see something entertaining",
            "synonyms": [
                "i want to see something entertaining"
            ]
        },
        {
            "keyword": "Make me laugh",
            "synonyms": [
                "make me laugh"
            ]
        },
        {
            "keyword": "Play a funny clip",
            "synonyms": [
                "play a funny clip"
            ]
        },
        {
            "keyword": "Play a hilarious video",
            "synonyms": [
                "play a hilarious video"
            ]
        },
        {
            "keyword": "Show me fun videos",
            "synonyms": [
                "show me fun videos"
            ]
        },
        {
            "keyword": "Show me some fun videos",
            "synonyms": [
                "show me some fun videos"
            ]
        },
        {
            "keyword": "Show me something that will make me smile",
            "synonyms": [
                "show me something that will make me smile"
            ]
        },
        {
            "keyword": "Turn on some fun videos",
            "synonyms": [
                "turn on some fun videos"
            ]
        },
        {
            "keyword": "fun",
            "synonyms": [
                "fun"
            ]
        }
    ]
}
