{
    "name": "next",
    "roles": [
        "next"
    ],
    "lookups": [
        "free-text",
        "keywords"
    ],
    "keywords": [
        {
            "keyword": "Can you play the next video?",
            "synonyms": [
                "can you play the next video?"
            ]
        },
        {
            "keyword": "Could you skip to the next video?",
            "synonyms": [
                "could you skip to the next video?"
            ]
        },
        {
            "keyword": "Go to the next video",
            "synonyms": [
                "go to the next video"
            ]
        },
        {
            "keyword": "Move to the next video",
            "synonyms": [
                "move to the next video"
            ]
        },
        {
            "keyword": "Next one",
            "synonyms": [
                "next one"
            ]
        },
        {
            "keyword": "Next video",
            "synonyms": [
                "next video"
            ]
        },
        {
            "keyword": "Please play the next video",
            "synonyms": [
                "please play the next video"
            ]
        }
    ]
}
