{
    "name": "pause",
    "roles": [
        "pause"
    ],
    "lookups": [
        "free-text",
        "keywords"
    ],
    "keywords": [
        {
            "keyword": "Can you pause the video?",
            "synonyms": [
                "can you pause the video?"
            ]
        },
        {
            "keyword": "P",
            "synonyms": [
                "p"
            ]
        },
        {
            "keyword": "Pause it",
            "synonyms": [
                "pause it"
            ]
        },
        {
            "keyword": "Pause the video",
            "synonyms": [
                "pause the video"
            ]
        },
        {
            "keyword": "Please stop",
            "synonyms": [
                "please stop"
            ]
        },
        {
            "keyword": "Stop",
            "synonyms": [
                "stop"
            ]
        },
        {
            "keyword": "Stop the video",
            "synonyms": [
                "stop the video"
            ]
        },
        {
            "keyword": "Stop this video",
            "synonyms": [
                "stop this video"
            ]
        }
    ]
}
