{
    "name": "previous",
    "roles": [
        "previous"
    ],
    "lookups": [
        "free-text",
        "keywords"
    ],
    "keywords": [
        {
            "keyword": "Could you play the last video?",
            "synonyms": [
                "could you play the last video?"
            ]
        },
        {
            "keyword": "Go back to the last one",
            "synonyms": [
                "go back to the last one"
            ]
        },
        {
            "keyword": "Move to the previous one",
            "synonyms": [
                "move to the previous one"
            ]
        },
        {
            "keyword": "Play the previous video",
            "synonyms": [
                "play the previous video"
            ]
        },
        {
            "keyword": "Please go to the previous video",
            "synonyms": [
                "please go to the previous video"
            ]
        },
        {
            "keyword": "Previous video",
            "synonyms": [
                "previous video"
            ]
        }
    ]
}
