{
    "name": "song",
    "roles": [
        "song"
    ],
    "lookups": [
        "free-text",
        "keywords"
    ],
    "keywords": [
        {
            "keyword": "Can you play some music?",
            "synonyms": [
                "can you play some music?"
            ]
        },
        {
            "keyword": "Could you please play some music?",
            "synonyms": [
                "could you please play some music?"
            ]
        },
        {
            "keyword": "Could you start the music?",
            "synonyms": [
                "could you start the music?"
            ]
        },
        {
            "keyword": "Music",
            "synonyms": [
                "music"
            ]
        },
        {
            "keyword": "Play music",
            "synonyms": [
                "play music"
            ]
        },
        {
            "keyword": "Play some music",
            "synonyms": [
                "play some music"
            ]
        },
        {
            "keyword": "Play some tunes",
            "synonyms": [
                "play some tunes"
            ]
        },
        {
            "keyword": "Please play music",
            "synonyms": [
                "please play music"
            ]
        },
        {
            "keyword": "Start playing music",
            "synonyms": [
                "start playing music"
            ]
        }
    ]
}
