{
    "name": "wake_word",
    "roles": [
        "wake_word"
    ],
    "lookups": [
        "free-text",
        "keywords"
    ],
    "keywords": [
        {
            "keyword": "Coach",
            "synonyms": [
                "coach"
            ]
        },
        {
            "keyword": "Hello coach",
            "synonyms": [
                "hello coach"
            ]
        },
        {
            "keyword": "Hey coach",
            "synonyms": [
                "hey coach"
            ]
        },
        {
            "keyword": "Hi coach",
            "synonyms": [
                "hi coach"
            ]
        }
    ]
}
