{
    "utterances": [
        {
            "text": "Can you pause the video?",
            "entities": [
                {
                    "entity": "pause:pause",
                    "start": 0,
                    "end": 24,
                    "body": "Can you pause the video?",
                    "entities": []
                }
            ],
            "traits": [],
            "intent": "pause"
        },
        {
            "text": "Can you play some music?",
            "entities": [
                {
                    "entity": "song:song",
                    "start": 0,
                    "end": 24,
                    "body": "Can you play some music?",
                    "entities": []
                }
            ],
            "traits": [],
            "intent": "song"
        },
        {
            "text": "Can you play something educational?",
            "entities": [
                {
                    "entity": "learn:learn",
                    "start": 0,
                    "end": 35,
                    "body": "Can you play something educational?",
                    "entities": []
                }
            ],
            "traits": [],
            "intent": "learn"
        },
        {
            "text": "Can you play the next video?",
            "entities": [
                {
                    "entity": "next:next",
                    "start": 0,
                    "end": 28,
                    "body": "Can you play the next video?",
                    "entities": []
                }
            ],
            "traits": [],
            "intent": "next"
        },
        {
            "text": "Can you play the previous video?",
            "entities": [],
            "traits": [],
            "intent": "previous"
        },
        {
            "text": "Coach",
            "entities": [
                {
                    "entity": "wake_word:wake_word",
                    "start": 0,
                    "end": 5,
                    "body": "Coach",
                    "entities": []
                }
            ],
            "traits": [],
            "intent": "wake_word"
        },
        {
            "text": "Could you play the last video?",
            "entities": [
                {
                    "entity": "previous:previous",
                    "start": 0,
                    "end": 30,
                    "body": "Could you play the last video?",
                    "entities": []
                }
            ],
            "traits": [],
            "intent": "previous"
        },
        {
            "text": "Could you please play some music?",
            "entities": [
                {
                    "entity": "song:song",
                    "start": 0,
                    "end": 33,
                    "body": "Could you please play some music?",
                    "entities": []
                }
            ],
            "traits": [],
            "intent": "song"
        },
        {
            "text": "Could you skip to the next video?",
            "entities": [
                {
                    "entity": "next:next",
                    "start": 0,
                    "end": 33,
                    "body": "Could you skip to the next video?",
                    "entities": []
                }
            ],
            "traits": [],
            "intent": "next"
        },
        {
            "text": "Could you start the music?",
            "entities": [
                {
                    "entity": "song:song",
                    "start": 0,
                    "end": 26,
                    "body": "Could you start the music?",
                    "entities": []
                }
            ],
            "traits": [],
            "intent": "song"
        },
        {
            "text": "Entertain me with a video",
            "entities": [
                {
                    "entity": "fun:fun",
                    "start": 0,
                    "end": 19,
                    "body": "Entertain me with a",
                    "entities": []
                }
            ],
            "traits": [],
            "intent": "fun"
        },
        {
            "text": "Find some fun content",
            "entities": [
                {
                    "entity": "fun:fun",
                    "start": 10,
                    "end": 13,
                    "body": "fun",
                    "entities": []
                }
            ],
            "traits": [],
            "intent": "fun"
        },
        {
            "text": "Fun",
            "entities": [
                {
                    "entity": "fun:fun",
                    "start": 0,
                    "end": 3,
                    "body": "Fun",
                    "entities": []
                }
            ],
            "traits": [],
            "intent": "fun"
        },
        {
            "text": "Go back to the last one",
            "entities": [
                {
                    "entity": "previous:previous",
                    "start": 0,
                    "end": 23,
                    "body": "Go back to the last one",
                    "entities": []
                }
            ],
            "traits": [],
            "intent": "previous"
        },
        {
            "text": "Go to the next video",
            "entities": [
                {
                    "entity": "next:next",
                    "start": 0,
                    "end": 20,
                    "body": "Go to the next video",
                    "entities": []
                }
            ],
            "traits": [],
            "intent": "next"
        },
        {
            "text": "Go to the previous video",
            "entities": [],
            "traits": [],
            "intent": "previous"
        },
        {
            "text": "Hello coach",
            "entities": [
                {
                    "entity": "wake_word:wake_word",
                    "start": 0,
                    "end": 11,
                    "body": "Hello coach",
                    "entities": []
                }
            ],
            "traits": [],
            "intent": "wake_word"
        },
        {
            "text": "Hey coach",
            "entities": [
                {
                    "entity": "wake_word:wake_word",
                    "start": 0,
                    "end": 9,
                    "body": "Hey coach",
                    "entities": []
                }
            ],
            "traits": [],
            "intent": "wake_word"
        },
        {
            "text": "Hi coach",
            "entities": [
                {
                    "entity": "wake_word:wake_word",
                    "start": 0,
                    "end": 8,
                    "body": "Hi coach",
                    "entities": []
                }
            ],
            "traits": [],
            "intent": "wake_word"
        },
        {
            "text": "I need a good laugh",
            "entities": [
                {
                    "entity": "fun:fun",
                    "start": 0,
                    "end": 19,
                    "body": "I need a good laugh",
                    "entities": []
                }
            ],
            "traits": [],
            "intent": "fun"
        },
        {
            "text": "I want to learn something",
            "entities": [
                {
                    "entity": "learn:learn",
                    "start": 0,
                    "end": 25,
                    "body": "I want to learn something",
                    "entities": []
                }
            ],
            "traits": [],
            "intent": "learn"
        },
        {
            "text": "I want to see something entertaining",
            "entities": [
                {
                    "entity": "fun:fun",
                    "start": 0,
                    "end": 36,
                    "body": "I want to see something entertaining",
                    "entities": []
                }
            ],
            "traits": [],
            "intent": "fun"
        },
        {
            "text": "I\u2019d like to watch something informative",
            "entities": [
                {
                    "entity": "learn:learn",
                    "start": 0,
                    "end": 39,
                    "body": "I\u2019d like to watch something informative",
                    "entities": []
                }
            ],
            "traits": [],
            "intent": "learn"
        },
        {
            "text": "Let\u2019s watch something educational",
            "entities": [
                {
                    "entity": "learn:learn",
                    "start": 0,
                    "end": 33,
                    "body": "Let\u2019s watch something educational",
                    "entities": []
                }
            ],
            "traits": [],
            "intent": "learn"
        },
        {
            "text": "Let\u2019s watch the video",
            "entities": [
                {
                    "entity": "play:play",
                    "start": 0,
                    "end": 21,
                    "body": "Let\u2019s watch the video",
                    "entities": []
                }
            ],
            "traits": [],
            "intent": "play"
        },
        {
            "text": "Make me laugh",
            "entities": [
                {
                    "entity": "fun:fun",
                    "start": 0,
                    "end": 13,
                    "body": "Make me laugh",
                    "entities": []
                }
            ],
            "traits": [],
            "intent": "fun"
        },
        {
            "text": "Move to the next video",
            "entities": [
                {
                    "entity": "next:next",
                    "start": 0,
                    "end": 22,
                    "body": "Move to the next video",
                    "entities": []
                }
            ],
            "traits": [],
            "intent": "next"
        },
        {
            "text": "Move to the previous one",
            "entities": [
                {
                    "entity": "previous:previous",
                    "start": 0,
                    "end": 24,
                    "body": "Move to the previous one",
                    "entities": []
                }
            ],
            "traits": [],
            "intent": "previous"
        },
        {
            "text": "Music",
            "entities": [
                {
                    "entity": "song:song",
                    "start": 0,
                    "end": 5,
                    "body": "Music",
                    "entities": []
                }
            ],
            "traits": [],
            "intent": "song"
        },
        {
            "text": "Next one",
            "entities": [
                {
                    "entity": "next:next",
                    "start": 0,
                    "end": 8,
                    "body": "Next one",
                    "entities": []
                }
            ],
            "traits": [],
            "intent": "next"
        },
        {
            "text": "Next video",
            "entities": [
                {
                    "entity": "next:next",
                    "start": 0,
                    "end": 10,
                    "body": "Next video",
                    "entities": []
                }
            ],
            "traits": [],
            "intent": "next"
        },
        {
            "text": "Pause",
            "entities": [
                {
                    "entity": "pause:pause",
                    "start": 0,
                    "end": 1,
                    "body": "P",
                    "entities": []
                }
            ],
            "traits": [],
            "intent": "play"
        },
        {
            "text": "Pause it",
            "entities": [
                {
                    "entity": "pause:pause",
                    "start": 0,
                    "end": 8,
                    "body": "Pause it",
                    "entities": []
                }
            ],
            "traits": [],
            "intent": "pause"
        },
        {
            "text": "Pause the video",
            "entities": [
                {
                    "entity": "pause:pause",
                    "start": 0,
                    "end": 15,
                    "body": "Pause the video",
                    "entities": []
                }
            ],
            "traits": [],
            "intent": "pause"
        },
        {
            "text": "Pause the video now",
            "entities": [],
            "traits": [],
            "intent": "pause"
        },
        {
            "text": "Play",
            "entities": [
                {
                    "entity": "play:play",
                    "start": 0,
                    "end": 4,
                    "body": "Play",
                    "entities": []
                }
            ],
            "traits": [],
            "intent": "play"
        },
        {
            "text": "Play a funny clip",
            "entities": [
                {
                    "entity": "fun:fun",
                    "start": 0,
                    "end": 17,
                    "body": "Play a funny clip",
                    "entities": []
                }
            ],
            "traits": [],
            "intent": "fun"
        },
        {
            "text": "Play a hilarious video",
            "entities": [
                {
                    "entity": "fun:fun",
                    "start": 0,
                    "end": 22,
                    "body": "Play a hilarious video",
                    "entities": []
                }
            ],
            "traits": [],
            "intent": "fun"
        },
        {
            "text": "Play a learning video",
            "entities": [
                {
                    "entity": "learn:learn",
                    "start": 0,
                    "end": 21,
                    "body": "Play a learning video",
                    "entities": []
                }
            ],
            "traits": [],
            "intent": "learn"
        },
        {
            "text": "Play educational content",
            "entities": [],
            "traits": [],
            "intent": "learn"
        },
        {
            "text": "Play music",
            "entities": [
                {
                    "entity": "song:song",
                    "start": 0,
                    "end": 10,
                    "body": "Play music",
                    "entities": []
                }
            ],
            "traits": [],
            "intent": "song"
        },
        {
            "text": "Play some music",
            "entities": [
                {
                    "entity": "song:song",
                    "start": 0,
                    "end": 15,
                    "body": "Play some music",
                    "entities": []
                }
            ],
            "traits": [],
            "intent": "song"
        },
        {
            "text": "Play some tunes",
            "entities": [
                {
                    "entity": "song:song",
                    "start": 0,
                    "end": 15,
                    "body": "Play some tunes",
                    "entities": []
                }
            ],
            "traits": [],
            "intent": "song"
        },
        {
            "text": "Play something educational",
            "entities": [],
            "traits": [],
            "intent": "learn"
        },
        {
            "text": "Play something to learn about science",
            "entities": [
                {
                    "entity": "learn:learn",
                    "start": 0,
                    "end": 37,
                    "body": "Play something to learn about science",
                    "entities": []
                }
            ],
            "traits": [],
            "intent": "learn"
        },
        {
            "text": "Play the next video",
            "entities": [],
            "traits": [],
            "intent": "next"
        },
        {
            "text": "Play the previous video",
            "entities": [
                {
                    "entity": "previous:previous",
                    "start": 0,
                    "end": 23,
                    "body": "Play the previous video",
                    "entities": []
                }
            ],
            "traits": [],
            "intent": "previous"
        },
        {
            "text": "Play the video",
            "entities": [
                {
                    "entity": "play:play",
                    "start": 0,
                    "end": 14,
                    "body": "Play the video",
                    "entities": []
                }
            ],
            "traits": [],
            "intent": "play"
        },
        {
            "text": "Please go to the previous video",
            "entities": [
                {
                    "entity": "previous:previous",
                    "start": 0,
                    "end": 31,
                    "body": "Please go to the previous video",
                    "entities": []
                }
            ],
            "traits": [],
            "intent": "previous"
        },
        {
            "text": "Please pause the video",
            "entities": [],
            "traits": [],
            "intent": "pause"
        },
        {
            "text": "Please play music",
            "entities": [
                {
                    "entity": "song:song",
                    "start": 0,
                    "end": 17,
                    "body": "Please play music",
                    "entities": []
                }
            ],
            "traits": [],
            "intent": "song"
        },
        {
            "text": "Please play the next video",
            "entities": [
                {
                    "entity": "next:next",
                    "start": 0,
                    "end": 26,
                    "body": "Please play the next video",
                    "entities": []
                }
            ],
            "traits": [],
            "intent": "next"
        },
        {
            "text": "Please stop",
            "entities": [
                {
                    "entity": "pause:pause",
                    "start": 0,
                    "end": 11,
                    "body": "Please stop",
                    "entities": []
                }
            ],
            "traits": [],
            "intent": "pause"
        },
        {
            "text": "Please, play the video",
            "entities": [
                {
                    "entity": "play:play",
                    "start": 0,
                    "end": 22,
                    "body": "Please, play the video",
                    "entities": []
                }
            ],
            "traits": [],
            "intent": "play"
        },
        {
            "text": "Previous one",
            "entities": [],
            "traits": [],
            "intent": "previous"
        },
        {
            "text": "Previous video",
            "entities": [
                {
                    "entity": "previous:previous",
                    "start": 0,
                    "end": 14,
                    "body": "Previous video",
                    "entities": []
                }
            ],
            "traits": [],
            "intent": "previous"
        },
        {
            "text": "Return to the previous video",
            "entities": [],
            "traits": [],
            "intent": "previous"
        },
        {
            "text": "Show me fun videos",
            "entities": [
                {
                    "entity": "fun:fun",
                    "start": 0,
                    "end": 18,
                    "body": "Show me fun videos",
                    "entities": []
                }
            ],
            "traits": [],
            "intent": "fun"
        },
        {
            "text": "Show me some fun videos",
            "entities": [
                {
                    "entity": "fun:fun",
                    "start": 0,
                    "end": 23,
                    "body": "Show me some fun videos",
                    "entities": []
                }
            ],
            "traits": [],
            "intent": "fun"
        },
        {
            "text": "Show me something I can learn from",
            "entities": [],
            "traits": [],
            "intent": "learn"
        },
        {
            "text": "Show me something that will make me smile",
            "entities": [
                {
                    "entity": "fun:fun",
                    "start": 0,
                    "end": 41,
                    "body": "Show me something that will make me smile",
                    "entities": []
                }
            ],
            "traits": [],
            "intent": "fun"
        },
        {
            "text": "Start an educational video",
            "entities": [],
            "traits": [],
            "intent": "learn"
        },
        {
            "text": "Start music",
            "entities": [],
            "traits": [],
            "intent": "song"
        },
        {
            "text": "Start playing music",
            "entities": [
                {
                    "entity": "song:song",
                    "start": 0,
                    "end": 19,
                    "body": "Start playing music",
                    "entities": []
                }
            ],
            "traits": [],
            "intent": "song"
        },
        {
            "text": "Start the video",
            "entities": [
                {
                    "entity": "play:play",
                    "start": 0,
                    "end": 15,
                    "body": "Start the video",
                    "entities": []
                }
            ],
            "traits": [],
            "intent": "play"
        },
        {
            "text": "Stop",
            "entities": [
                {
                    "entity": "pause:pause",
                    "start": 0,
                    "end": 4,
                    "body": "Stop",
                    "entities": []
                }
            ],
            "traits": [],
            "intent": "pause"
        },
        {
            "text": "Stop the video",
            "entities": [
                {
                    "entity": "pause:pause",
                    "start": 0,
                    "end": 14,
                    "body": "Stop the video",
                    "entities": []
                }
            ],
            "traits": [],
            "intent": "pause"
        },
        {
            "text": "Stop this video",
            "entities": [
                {
                    "entity": "pause:pause",
                    "start": 0,
                    "end": 15,
                    "body": "Stop this video",
                    "entities": []
                }
            ],
            "traits": [],
            "intent": "pause"
        },
        {
            "text": "Turn on some fun videos",
            "entities": [
                {
                    "entity": "fun:fun",
                    "start": 0,
                    "end": 23,
                    "body": "Turn on some fun videos",
                    "entities": []
                }
            ],
            "traits": [],
            "intent": "fun"
        }
    ]
}
