{
    "utterances": [
        {
            "text": "Can you pause the video?",
            "entities": [
                {
                    "entity": "pause:pause",
                    "start": 0,
                    "end": 24,
                    "body": "Can you pause the video?",
                    "entities": []
                }
            ],
            "traits": [],
            "intent": "pause"
        },
        {
            "text": "Can you play some music?",
            "entities": [
                {
                    "entity": "song:song",
                    "start": 0,
                    "end": 24,
                    "body": "Can you play some music?",
                    "entities": []
                }
            ],
            "traits": [],
            "intent": "music"
        },
        {
            "text": "Can you play something educational?",
            "entities": [
                {
                    "entity": "learn:learn",
                    "start": 0,
                    "end": 35,
                    "body": "Can you play something educational?",
                    "entities": []
                }
            ],
            "traits": [],
            "intent": "learn"
        },
        {
            "text": "Can you play the next video?",
            "entities": [
                {
                    "entity": "next:next",
                    "start": 0,
                    "end": 28,
                    "body": "Can you play the next video?",
                    "entities": []
                }
            ],
            "traits": [],
            "intent": "next"
        },
        {
            "text": "Can you play the previous video?",
            "entities": [],
            "traits": [],
            "intent": "previous"
        },
        {
            "text": "Could you play the last video?",
            "entities": [
                {
                    "entity": "previous:previous",
                    "start": 0,
                    "end": 30,
                    "body": "Could you play the last video?",
                    "entities": []
                }
            ],
            "traits": [],
            "intent": "previous"
        },
        {
            "text": "Could you skip to the next video?",
            "entities": [
                {
                    "entity": "next:next",
                    "start": 0,
                    "end": 33,
                    "body": "Could you skip to the next video?",
                    "entities": []
                }
            ],
            "traits": [],
            "intent": "next"
        },
        {
            "text": "Could you start the music?",
            "entities": [
                {
                    "entity": "song:song",
                    "start": 0,
                    "end": 26,
                    "body": "Could you start the music?",
                    "entities": []
                }
            ],
            "traits": [],
            "intent": "music"
        },
        {
            "text": "Go back to the last one",
            "entities": [
                {
                    "entity": "previous:previous",
                    "start": 0,
                    "end": 23,
                    "body": "Go back to the last one",
                    "entities": []
                }
            ],
            "traits": [],
            "intent": "previous"
        },
        {
            "text": "Go to the next video",
            "entities": [
                {
                    "entity": "next:next",
                    "start": 0,
                    "end": 20,
                    "body": "Go to the next video",
                    "entities": []
                }
            ],
            "traits": [],
            "intent": "next"
        },
        {
            "text": "Go to the previous video",
            "entities": [],
            "traits": [],
            "intent": "previous"
        },
        {
            "text": "I want to learn something",
            "entities": [
                {
                    "entity": "learn:learn",
                    "start": 0,
                    "end": 25,
                    "body": "I want to learn something",
                    "entities": []
                }
            ],
            "traits": [],
            "intent": "learn"
        },
        {
            "text": "I\u2019d like to watch something informative",
            "entities": [],
            "traits": [],
            "intent": "learn"
        },
        {
            "text": "Let\u2019s watch something educational",
            "entities": [
                {
                    "entity": "learn:learn",
                    "start": 0,
                    "end": 33,
                    "body": "Let\u2019s watch something educational",
                    "entities": []
                }
            ],
            "traits": [],
            "intent": "learn"
        },
        {
            "text": "Let\u2019s watch the video",
            "entities": [
                {
                    "entity": "play:play",
                    "start": 0,
                    "end": 21,
                    "body": "Let\u2019s watch the video",
                    "entities": []
                }
            ],
            "traits": [],
            "intent": "play"
        },
        {
            "text": "Move to the next video",
            "entities": [
                {
                    "entity": "next:next",
                    "start": 0,
                    "end": 22,
                    "body": "Move to the next video",
                    "entities": []
                }
            ],
            "traits": [],
            "intent": "next"
        },
        {
            "text": "Move to the previous one",
            "entities": [
                {
                    "entity": "previous:previous",
                    "start": 0,
                    "end": 24,
                    "body": "Move to the previous one",
                    "entities": []
                }
            ],
            "traits": [],
            "intent": "previous"
        },
        {
            "text": "Next one",
            "entities": [
                {
                    "entity": "next:next",
                    "start": 0,
                    "end": 8,
                    "body": "Next one",
                    "entities": []
                }
            ],
            "traits": [],
            "intent": "next"
        },
        {
            "text": "Next video",
            "entities": [
                {
                    "entity": "next:next",
                    "start": 0,
                    "end": 10,
                    "body": "Next video",
                    "entities": []
                }
            ],
            "traits": [],
            "intent": "next"
        },
        {
            "text": "Pause",
            "entities": [],
            "traits": [],
            "intent": "play"
        },
        {
            "text": "Pause it",
            "entities": [
                {
                    "entity": "pause:pause",
                    "start": 0,
                    "end": 8,
                    "body": "Pause it",
                    "entities": []
                }
            ],
            "traits": [],
            "intent": "pause"
        },
        {
            "text": "Pause the video",
            "entities": [
                {
                    "entity": "pause:pause",
                    "start": 0,
                    "end": 15,
                    "body": "Pause the video",
                    "entities": []
                }
            ],
            "traits": [],
            "intent": "pause"
        },
        {
            "text": "Pause the video now",
            "entities": [],
            "traits": [],
            "intent": "pause"
        },
        {
            "text": "Play a learning video",
            "entities": [
                {
                    "entity": "learn:learn",
                    "start": 0,
                    "end": 21,
                    "body": "Play a learning video",
                    "entities": []
                }
            ],
            "traits": [],
            "intent": "learn"
        },
        {
            "text": "Play educational content",
            "entities": [],
            "traits": [],
            "intent": "learn"
        },
        {
            "text": "Play music",
            "entities": [],
            "traits": [],
            "intent": "music"
        },
        {
            "text": "Play some music",
            "entities": [
                {
                    "entity": "song:song",
                    "start": 0,
                    "end": 15,
                    "body": "Play some music",
                    "entities": []
                }
            ],
            "traits": [],
            "intent": "music"
        },
        {
            "text": "Play some tunes",
            "entities": [],
            "traits": [],
            "intent": "music"
        },
        {
            "text": "Play something educational",
            "entities": [],
            "traits": [],
            "intent": "learn"
        },
        {
            "text": "Play something to learn about science",
            "entities": [
                {
                    "entity": "learn:learn",
                    "start": 0,
                    "end": 37,
                    "body": "Play something to learn about science",
                    "entities": []
                }
            ],
            "traits": [],
            "intent": "learn"
        },
        {
            "text": "Play the next video",
            "entities": [],
            "traits": [],
            "intent": "next"
        },
        {
            "text": "Play the previous video",
            "entities": [
                {
                    "entity": "previous:previous",
                    "start": 0,
                    "end": 23,
                    "body": "Play the previous video",
                    "entities": []
                }
            ],
            "traits": [],
            "intent": "previous"
        },
        {
            "text": "Play the video",
            "entities": [
                {
                    "entity": "play:play",
                    "start": 0,
                    "end": 14,
                    "body": "Play the video",
                    "entities": []
                }
            ],
            "traits": [],
            "intent": "play"
        },
        {
            "text": "Please go to the previous video",
            "entities": [
                {
                    "entity": "previous:previous",
                    "start": 0,
                    "end": 31,
                    "body": "Please go to the previous video",
                    "entities": []
                }
            ],
            "traits": [],
            "intent": "previous"
        },
        {
            "text": "Please pause the video",
            "entities": [],
            "traits": [],
            "intent": "pause"
        },
        {
            "text": "Please play music",
            "entities": [
                {
                    "entity": "song:song",
                    "start": 0,
                    "end": 17,
                    "body": "Please play music",
                    "entities": []
                }
            ],
            "traits": [],
            "intent": "music"
        },
        {
            "text": "Please play the next video",
            "entities": [
                {
                    "entity": "next:next",
                    "start": 0,
                    "end": 26,
                    "body": "Please play the next video",
                    "entities": []
                }
            ],
            "traits": [],
            "intent": "next"
        },
        {
            "text": "Previous one",
            "entities": [],
            "traits": [],
            "intent": "previous"
        },
        {
            "text": "Previous video",
            "entities": [
                {
                    "entity": "previous:previous",
                    "start": 0,
                    "end": 14,
                    "body": "Previous video",
                    "entities": []
                }
            ],
            "traits": [],
            "intent": "previous"
        },
        {
            "text": "Return to the previous video",
            "entities": [],
            "traits": [],
            "intent": "previous"
        },
        {
            "text": "Show me something I can learn from",
            "entities": [],
            "traits": [],
            "intent": "learn"
        },
        {
            "text": "Start an educational video",
            "entities": [],
            "traits": [],
            "intent": "learn"
        },
        {
            "text": "Start music",
            "entities": [],
            "traits": [],
            "intent": "music"
        },
        {
            "text": "Start playing music",
            "entities": [
                {
                    "entity": "song:song",
                    "start": 0,
                    "end": 19,
                    "body": "Start playing music",
                    "entities": []
                }
            ],
            "traits": [],
            "intent": "music"
        },
        {
            "text": "Start the video",
            "entities": [
                {
                    "entity": "play:play",
                    "start": 0,
                    "end": 15,
                    "body": "Start the video",
                    "entities": []
                }
            ],
            "traits": [],
            "intent": "play"
        },
        {
            "text": "Stop the video",
            "entities": [
                {
                    "entity": "stop:stop",
                    "start": 0,
                    "end": 14,
                    "body": "Stop the video",
                    "entities": []
                }
            ],
            "traits": [],
            "intent": "play"
        }
    ]
}
