{
    "name": "learn",
    "roles": [
        "learn"
    ],
    "lookups": [
        "free-text",
        "keywords"
    ],
    "keywords": [
        {
            "keyword": "Can you play something educational?",
            "synonyms": [
                "can you play something educational?"
            ]
        },
        {
            "keyword": "I want to learn something",
            "synonyms": [
                "i want to learn something"
            ]
        },
        {
            "keyword": "Let\u2019s watch something educational",
            "synonyms": [
                "let\u2019s watch something educational"
            ]
        },
        {
            "keyword": "Play a learning video",
            "synonyms": [
                "play a learning video"
            ]
        },
        {
            "keyword": "Play something to learn about science",
            "synonyms": [
                "play something to learn about science"
            ]
        }
    ]
}
