{
    "name": "play",
    "roles": [
        "play"
    ],
    "lookups": [
        "free-text",
        "keywords"
    ],
    "keywords": [
        {
            "keyword": "Let\u2019s watch the video",
            "synonyms": [
                "let\u2019s watch the video"
            ]
        },
        {
            "keyword": "Play the video",
            "synonyms": [
                "play the video"
            ]
        },
        {
            "keyword": "Start the video",
            "synonyms": [
                "start the video"
            ]
        }
    ]
}
